Womens Secrets,women-secrets,women_secrets.png
Calvin Klein,calvin-klein,calvin_klein.jpg
Adidas,adidas,adidas.png
Armani,armani,armani.jpg
Zara,zara,zara.jpg
Diesel,diesel,diesel.png
Kenzo,kenzo,kenzo.png
Prada,prada,prada.jpg
LMD,lmd,lmd.png
oodji,oodji,oodji.jpg
Eton,eton,eton.jpg
Boss,boss,boss.png
Mont Blanc,mont-blanc,mont_blanc.jpg
Guess,guess,guess.jpg
Allen Solly,allen-solly,allen_solly.jpg
Jaeger,jaeger,jaeger.png
Nautica,nautica,nautica.jpeg